SPDI,Clade
NC_000962.3:1053430:T:C,L4.13
NC_000962.3:1063249:A:G,L4.13
NC_000962.3:1065607:C:G,L4.13
NC_000962.3:1098829:G:A,L4.13
NC_000962.3:1103128:T:C,L4.13
NC_000962.3:1152673:C:T,L4.13
NC_000962.3:1183519:G:A,L4.13
NC_000962.3:1194261:C:A,L4.13
NC_000962.3:1195139:T:C,L4.13
NC_000962.3:1210606:C:T,L4.13
NC_000962.3:1210673:C:T,L4.13
NC_000962.3:1279344:C:T,L4.13
NC_000962.3:1313319:C:T,L4.13
NC_000962.3:1331069:G:A,L4.13
NC_000962.3:133440:CG:C,L4.13
NC_000962.3:1370740:T:C,L4.13
NC_000962.3:1380907:C:G,L4.13
NC_000962.3:1393591:A:C,L4.13
NC_000962.3:140947:T:G,L4.13
NC_000962.3:1438043:G:A,L4.13
NC_000962.3:1495533:C:T,L4.13
NC_000962.3:1500722:C:T,L4.13
NC_000962.3:1566707:G:C,L4.13
NC_000962.3:1581820:C:T,L4.13
NC_000962.3:1582163:G:T,L4.13
NC_000962.3:1587982:C:T,L4.13
NC_000962.3:1655571:A:G,L4.13
NC_000962.3:1700563:G:A,L4.13
NC_000962.3:1717689:T:G,L4.13
NC_000962.3:1719798:G:A,L4.13
NC_000962.3:1722351:C:T,L4.13
NC_000962.3:1737754:C:T,L4.13
NC_000962.3:1798250:C:A,L4.13
NC_000962.3:1801244:G:A,L4.13
NC_000962.3:1804757:C:A,L4.13
NC_000962.3:1804:C:A,L4.13
NC_000962.3:1842423:C:T,L4.13
NC_000962.3:1854240:C:G,L4.13
NC_000962.3:186631:CT:C,L4.13
NC_000962.3:1871937:C:G,L4.13
NC_000962.3:1872530:A:G,L4.13
NC_000962.3:1875048:C:A,L4.13
NC_000962.3:1900224:T:C,L4.13
NC_000962.3:1900537:GT:G,L4.13
NC_000962.3:19424:G:A,L4.13
NC_000962.3:1956690:A:C,L4.13
NC_000962.3:1965794:C:A,L4.13
NC_000962.3:196687:GT:G,L4.13
NC_000962.3:1987468:T:C,L4.13
NC_000962.3:2072283:T:C,L4.13
NC_000962.3:2099363:G:A,L4.13
NC_000962.3:2110359:C:T,L4.13
NC_000962.3:2121660:T:C,L4.13
NC_000962.3:2123447:C:T,L4.13
NC_000962.3:2153266:G:A,L4.13
NC_000962.3:2153717:C:G,L4.13
NC_000962.3:2154914:T:C,L4.13
NC_000962.3:2159995:CT:C,L4.13
NC_000962.3:2163592:G:A,L4.13
NC_000962.3:2176231:G:A,L4.13
NC_000962.3:2183855:C:A,L4.13
NC_000962.3:2212905:C:T,L4.13
NC_000962.3:2214019:A:G,L4.13
NC_000962.3:223055:T:C,L4.13
NC_000962.3:2245192:G:A,L4.13
NC_000962.3:2274319:G:A,L4.13
NC_000962.3:2278058:A:G,L4.13
NC_000962.3:2294203:C:T,L4.13
NC_000962.3:230046:G:C,L4.13
NC_000962.3:2311455:C:T,L4.13
NC_000962.3:2312555:AC:A,L4.13
NC_000962.3:2320544:C:T,L4.13
NC_000962.3:2374745:G:A,L4.13
NC_000962.3:2390475:G:A,L4.13
NC_000962.3:2398748:C:A,L4.13
NC_000962.3:2410355:G:T,L4.13
NC_000962.3:2423135:A:G,L4.13
NC_000962.3:2448094:C:T,L4.13
NC_000962.3:2453809:T:C,L4.13
NC_000962.3:2465367:C:G,L4.13
NC_000962.3:2477447:G:A,L4.13
NC_000962.3:2478063:G:A,L4.13
NC_000962.3:2484184:G:A,L4.13
NC_000962.3:2558618:G:C,L4.13
NC_000962.3:2562388:G:C,L4.13
NC_000962.3:2577482:G:A,L4.13
NC_000962.3:2582804:T:G,L4.13
NC_000962.3:2697725:C:A,L4.13
NC_000962.3:2700384:G:C,L4.13
NC_000962.3:2774716:T:G,L4.13
NC_000962.3:2778448:G:T,L4.13
NC_000962.3:2794004:CGACGTCAG:C,L4.13
NC_000962.3:2807516:C:A,L4.13
NC_000962.3:2816659:C:T,L4.13
NC_000962.3:282069:A:C,L4.13
NC_000962.3:2868899:G:A,L4.13
NC_000962.3:2881461:T:A,L4.13
NC_000962.3:2946444:G:A,L4.13
NC_000962.3:2984527:TG:T,L4.13
NC_000962.3:2993710:G:A,L4.13
NC_000962.3:3037713:C:T,L4.13
NC_000962.3:304092:C:T,L4.13
NC_000962.3:3050749:G:A,L4.13
NC_000962.3:3052774:C:T,L4.13
NC_000962.3:3072529:A:G,L4.13
NC_000962.3:3102245:G:A,L4.13
NC_000962.3:3111746:G:C,L4.13
NC_000962.3:3135621:T:C,L4.13
NC_000962.3:3169692:G:A,L4.13
NC_000962.3:3222055:G:A,L4.13
NC_000962.3:3242204:C:T,L4.13
NC_000962.3:3242388:C:T,L4.13
NC_000962.3:3251610:A:G,L4.13
NC_000962.3:3266768:A:C,L4.13
NC_000962.3:3277211:A:G,L4.13
NC_000962.3:3301679:T:G,L4.13
NC_000962.3:33654:A:G,L4.13
NC_000962.3:3366200:A:G,L4.13
NC_000962.3:3381098:G:A,L4.13
NC_000962.3:339298:G:A,L4.13
NC_000962.3:3418028:C:T,L4.13
NC_000962.3:3421260:G:C,L4.13
NC_000962.3:3426237:A:G,L4.13
NC_000962.3:3453883:C:G,L4.13
NC_000962.3:3460255:C:T,L4.13
NC_000962.3:3464982:G:A,L4.13
NC_000962.3:3472253:C:T,L4.13
NC_000962.3:3483128:A:T,L4.13
NC_000962.3:3496870:G:C,L4.13
NC_000962.3:351694:G:A,L4.13
NC_000962.3:3527972:G:A,L4.13
NC_000962.3:3569726:G:A,L4.13
NC_000962.3:3591503:T:C,L4.13
NC_000962.3:3640307:C:T,L4.13
NC_000962.3:3725862:A:G,L4.13
NC_000962.3:3767551:C:A,L4.13
NC_000962.3:3822725:C:T,L4.13
NC_000962.3:3851196:G:A,L4.13
NC_000962.3:3851794:C:T,L4.13
NC_000962.3:3866032:T:C,L4.13
NC_000962.3:3926407:G:C,L4.13
NC_000962.3:394493:C:T,L4.13
NC_000962.3:3964889:GGC:G,L4.13
NC_000962.3:3971465:T:G,L4.13
NC_000962.3:4060601:C:T,L4.13
NC_000962.3:4071528:C:A,L4.13
NC_000962.3:4090962:G:A,L4.13
NC_000962.3:4155676:C:T,L4.13
NC_000962.3:4171696:AC:A,L4.13
NC_000962.3:4205457:T:C,L4.13
NC_000962.3:4210956:T:A,L4.13
NC_000962.3:4225104:T:C,L4.13
NC_000962.3:4305688:T:C,L4.13
NC_000962.3:4316798:C:T,L4.13
NC_000962.3:432323:A:G,L4.13
NC_000962.3:4347694:G:A,L4.13
NC_000962.3:4357723:A:C,L4.13
NC_000962.3:4371247:G:A,L4.13
NC_000962.3:4375790:C:G,L4.13
NC_000962.3:4378753:C:G,L4.13
NC_000962.3:4381753:G:A,L4.13
NC_000962.3:4388200:G:C,L4.13
NC_000962.3:484908:C:A,L4.13
NC_000962.3:524958:C:T,L4.13
NC_000962.3:541242:G:A,L4.13
NC_000962.3:545128:C:G,L4.13
NC_000962.3:563472:T:G,L4.13
NC_000962.3:595443:C:T,L4.13
NC_000962.3:614723:C:T,L4.13
NC_000962.3:642414:A:C,L4.13
NC_000962.3:65010:G:A,L4.13
NC_000962.3:69543:G:C,L4.13
NC_000962.3:70332:G:A,L4.13
NC_000962.3:709092:T:C,L4.13
NC_000962.3:71211:C:G,L4.13
NC_000962.3:736944:T:C,L4.13
NC_000962.3:757000:G:T,L4.13
NC_000962.3:774346:C:T,L4.13
NC_000962.3:78125:A:G,L4.13
NC_000962.3:851313:T:G,L4.13
NC_000962.3:861894:C:A,L4.13
NC_000962.3:862293:C:T,L4.13
NC_000962.3:863705:C:T,L4.13
NC_000962.3:873631:C:G,L4.13
NC_000962.3:936612:G:A,L4.13
NC_000962.3:939970:A:G,L4.13
NC_000962.3:94613:G:A,L4.13
NC_000962.3:1151411:G:A,L4.13.1
NC_000962.3:180909:G:C,L4.13.1
NC_000962.3:1815127:G:A,L4.13.1
NC_000962.3:187910:T:C,L4.13.1
NC_000962.3:2008017:G:T,L4.13.1
NC_000962.3:2229960:G:T,L4.13.1
NC_000962.3:2419510:C:A,L4.13.1
NC_000962.3:2459521:G:A,L4.13.1
NC_000962.3:2540907:A:G,L4.13.1
NC_000962.3:2651354:G:C,L4.13.1
NC_000962.3:2920062:A:G,L4.13.1
NC_000962.3:3013755:T:C,L4.13.1
NC_000962.3:3015101:G:A,L4.13.1
NC_000962.3:3294913:G:T,L4.13.1
NC_000962.3:3478996:C:T,L4.13.1
NC_000962.3:3749177:A:G,L4.13.1
NC_000962.3:3923155:G:T,L4.13.1
NC_000962.3:474247:G:T,L4.13.1
NC_000962.3:562191:C:T,L4.13.1
NC_000962.3:587220:G:A,L4.13.1
NC_000962.3:872997:C:T,L4.13.1
NC_000962.3:873897:C:T,L4.13.1
NC_000962.3:9170:G:C,L4.13.1
NC_000962.3:1129237:G:A,L4.13.2
NC_000962.3:1283055:C:T,L4.13.2
NC_000962.3:1301074:G:A,L4.13.2
NC_000962.3:1327096:C:G,L4.13.2
NC_000962.3:1970880:C:T,L4.13.2
NC_000962.3:2175383:T:C,L4.13.2
NC_000962.3:2228356:CG:C,L4.13.2
NC_000962.3:2238960:AG:A,L4.13.2
NC_000962.3:2276106:G:A,L4.13.2
NC_000962.3:2412153:C:T,L4.13.2
NC_000962.3:2437151:C:G,L4.13.2
NC_000962.3:2684336:G:T,L4.13.2
NC_000962.3:2691636:G:A,L4.13.2
NC_000962.3:2733099:G:A,L4.13.2
NC_000962.3:2797600:G:C,L4.13.2
NC_000962.3:2854648:A:G,L4.13.2
NC_000962.3:301648:C:T,L4.13.2
NC_000962.3:3028273:G:C,L4.13.2
NC_000962.3:3066500:C:T,L4.13.2
NC_000962.3:3069538:C:G,L4.13.2
NC_000962.3:3070097:T:G,L4.13.2
NC_000962.3:3100766:C:T,L4.13.2
NC_000962.3:3186017:C:A,L4.13.2
NC_000962.3:3437159:T:C,L4.13.2
NC_000962.3:3540987:T:G,L4.13.2
NC_000962.3:3671117:T:C,L4.13.2
NC_000962.3:3680:C:T,L4.13.2
NC_000962.3:3767850:A:G,L4.13.2
NC_000962.3:3866551:C:T,L4.13.2
NC_000962.3:4045362:T:C,L4.13.2
NC_000962.3:4291871:G:C,L4.13.2
NC_000962.3:517103:G:GCA,L4.13.2
NC_000962.3:700811:A:G,L4.13.2
NC_000962.3:718699:A:G,L4.13.2
NC_000962.3:724099:G:C,L4.13.2
NC_000962.3:725084:C:T,L4.13.2
NC_000962.3:782723:C:G,L4.13.2
NC_000962.3:848719:C:T,L4.13.2
NC_000962.3:927696:C:A,L4.13.2
