run_accession,sample_accession,study_accession,country,collection_date,host,host_scientific_name,isolation_source,instrument_platform,instrument_model,library_strategy,read_count,base_count,first_public
ERR11049015,SAMEA112799215,PRJEB9680,,,,,,ILLUMINA,NextSeq 500,WGS,3901568,582032781,2023-03-21
ERR11049267,SAMEA112799437,PRJEB9680,,,,,,ILLUMINA,NextSeq 500,WGS,5042310,695246478,2023-03-21
ERR11049355,SAMEA112799517,PRJEB9680,,,,,,ILLUMINA,NextSeq 500,WGS,6237824,898875364,2023-03-21
ERR11049430,SAMEA112799584,PRJEB9680,,,,,,ILLUMINA,NextSeq 500,WGS,6410848,956950678,2023-03-21
ERR11049623,SAMEA112799757,PRJEB9680,,,,,,ILLUMINA,NextSeq 500,WGS,6504496,922064397,2023-03-21
ERR11049970,SAMEA112800066,PRJEB9680,,,,,,ILLUMINA,NextSeq 500,WGS,8485196,1261702809,2023-03-21
ERR11050855,SAMEA112800854,PRJEB9680,,,,,,ILLUMINA,NextSeq 2000,WGS,5515442,810173138,2023-03-21
ERR11067515,SAMEA112801348,PRJEB9680,,,,,,ILLUMINA,NextSeq 2000,WGS,2514240,361253866,2023-03-21
ERR11067522,SAMEA112801355,PRJEB9680,,,,,,ILLUMINA,NextSeq 2000,WGS,5200134,750231944,2023-03-21
ERR11067577,SAMEA112801407,PRJEB9680,,,,,,ILLUMINA,NextSeq 2000,WGS,2616348,376596300,2023-03-21
ERR11067601,SAMEA112801431,PRJEB9680,,,,,,ILLUMINA,NextSeq 2000,WGS,6153190,790909423,2023-03-21
ERR11068099,SAMEA112801901,PRJEB9680,,,,,,ILLUMINA,NextSeq 2000,WGS,3777388,540000368,2023-03-21
ERR11081984,SAMEA112805704,PRJEB9680,,,,,,ILLUMINA,Illumina HiSeq 2500,WGS,1974920,197492000,2023-03-22
ERR11081985,SAMEA112805704,PRJEB9680,,,,,,ILLUMINA,Illumina HiSeq 2500,WGS,2147686,536921500,2023-03-22
ERR11082995,SAMEA112806629,PRJEB9680,,,,,,ILLUMINA,NextSeq 500,WGS,5821304,865264948,2023-03-22
ERR13093900,SAMEA115577951,PRJEB60052,Ireland,2020,,homo sapiens,clinical isolate,ILLUMINA,Illumina MiSeq,WGS,2067088,302704087,2024-05-13
ERR13260031,SAMEA115737784,PRJEB76547,USA,2020,,,,ILLUMINA,Illumina MiSeq,WGS,2128504,460085043,2024-06-14
ERR13285463,SAMEA115746648,PRJEB76547,USA,2020,,,,ILLUMINA,Illumina NovaSeq 6000,WGS,10490238,1513566775,2024-06-16
ERR13285511,SAMEA115746690,PRJEB76547,USA,2020,,,,ILLUMINA,Illumina NovaSeq 6000,WGS,4113220,582228501,2024-06-16
ERR13291662,SAMEA115750798,PRJEB76547,USA,2020,,,,ILLUMINA,Illumina MiSeq,WGS,2088590,509914470,2024-06-17
ERR133897,SAMEA1404002,PRJEB2138,Russia,2008,Homo sapiens,Homo sapiens,not known,ILLUMINA,Illumina HiSeq 2000,WGS,4705519,941103800,2012-06-06
ERR2513995,SAMEA1119176,PRJEB25991,,,,,,ILLUMINA,Illumina MiSeq,WGS,1062897,281280144,2018-09-24
ERR2517475,SAMEA3449452,PRJEB26002,,,,,,ILLUMINA,Illumina HiSeq 2500,WGS,1936558,474581831,2018-09-24
ERR4407546,SAMEA7129318,PRJEB39715,,,,,Human,ILLUMINA,Illumina MiSeq,WGS,327976,135688644,2020-08-07
ERR4814544,SAMEA7547903,PRJEB41201,,,,,,ILLUMINA,Illumina MiSeq,WGS,1831030,272628962,2021-10-20
ERR4815345,SAMEA7548705,PRJEB41201,,,,,,ILLUMINA,Illumina HiSeq 2500,WGS,6598548,657264574,2021-10-20
ERR4815396,SAMEA7548756,PRJEB41201,,,,,,ILLUMINA,Illumina HiSeq 2500,WGS,9096810,812025287,2021-10-20
ERR4819109,SAMEA7552474,PRJEB41201,,,,,,ILLUMINA,Illumina HiSeq 2500,WGS,3434552,340104775,2021-10-20
ERR4819365,SAMEA7552730,PRJEB41201,,,,,,ILLUMINA,Illumina HiSeq 2500,WGS,4468554,441826736,2021-10-20
ERR4828844,SAMEA7561282,PRJEB41242,,,,,,ILLUMINA,Illumina MiniSeq,WGS,2648854,385405334,2021-10-20
ERR4828953,SAMEA7561391,PRJEB41242,,,,,,ILLUMINA,NextSeq 500,WGS,1968468,240184597,2021-10-20
ERR4829273,SAMEA7561711,PRJEB41242,,,,,,ILLUMINA,NextSeq 500,WGS,2480452,348190696,2021-10-20
ERR4829347,SAMEA7561785,PRJEB41242,,,,,,ILLUMINA,NextSeq 500,WGS,3730852,536879977,2021-10-20
ERR4829697,SAMEA7562136,PRJEB41242,,,,,,ILLUMINA,NextSeq 500,WGS,3989618,554376240,2021-10-20
ERR4829761,SAMEA7562200,PRJEB41242,,,,,,ILLUMINA,NextSeq 500,WGS,3563698,476608833,2021-10-20
ERR4831168,SAMEA7563609,PRJEB41274,,,,,,ILLUMINA,NextSeq 500,WGS,4485488,667388075,2021-10-20
ERR9891985,SAMEA14269050,PRJEB52390,France,2017-12-05,,homo sapiens,Sereus liquid,ILLUMINA,Illumina MiSeq,WGS,2782058,586075221,2022-11-29
SRR16370406,SAMN20693260,PRJNA771909,missing,missing,missing,,missing,ILLUMINA,Illumina HiSeq 2500,WGS,1642050,674090379,2021-10-17
SRR18910996,SAMN27761665,PRJNA650381,USA:New York,2019-07-14,Homo sapiens,Homo sapiens,sputum,ILLUMINA,Illumina MiSeq,WGS,1120610,547790442,2022-04-26
SRR19304124,SAMN28538207,PRJNA834606,Italy: Rome,2018-06-25,Homo sapiens,Homo sapiens,sputum,ILLUMINA,Illumina MiSeq,WGS,2523997,752151106,2022-05-21
SRR21686598,SAMN30990546,PRJNA766641,USA,2018,Homo sapiens,Homo sapiens,missing,ILLUMINA,Illumina MiSeq,WGS,1045388,510442861,2022-09-24
SRR21689552,SAMN30949107,PRJNA882748,Netherlands,2019,Homo sapiens,Homo sapiens,sputum,ILLUMINA,Illumina NovaSeq 6000,WGS,10223992,1474691595,2022-09-25
SRR21690138,SAMN30949043,PRJNA882748,Netherlands,2019,Homo sapiens,Homo sapiens,sputum,ILLUMINA,Illumina NovaSeq 6000,WGS,4034172,571225252,2022-09-25
SRR21690799,SAMN30950081,PRJNA882748,Netherlands,2017,Homo sapiens,Homo sapiens,human,ILLUMINA,Illumina HiSeq 2500,WGS,5311915,626653545,2022-09-25
SRR21732354,SAMN31030483,PRJNA857537,Australia,2017-01-24,Homo sapiens,Homo sapiens,missing,ILLUMINA,NextSeq 500,WGS,2017806,599234916,2023-11-01
SRR28409333,SAMN40566210,PRJNA766641,USA:NY,2021,Homo sapiens,Homo sapiens,body fluid,ILLUMINA,Illumina MiSeq,WGS,972324,456447850,2024-03-22
SRR28646118,SAMN40946993,PRJNA1074784,Romania,2021,Homo sapiens,Homo sapiens,sputum,ILLUMINA,NextSeq 2000,WGS,1885289,415209139,2024-04-14
SRR28858582,SAMN41146708,PRJNA766641,USA:NY,2022,Homo sapiens,Homo sapiens,,ILLUMINA,NextSeq 550,WGS,1867090,547504544,2024-05-12
SRR28860094,SAMN41148698,PRJNA766641,USA:NY,2023,Homo sapiens,Homo sapiens,,ILLUMINA,NextSeq 550,WGS,776021,223160306,2024-05-12
SRR29052642,SAMN41417862,PRJNA1109295,USA,2015,Homo sapiens,Homo sapiens,missing,ILLUMINA,Illumina HiSeq 2000,WGS,1642050,674090379,2024-05-26
SRR30984353,SAMN44278774,PRJNA1080563,USA:AR,2024-06-11,Homo sapiens,Homo sapiens,wound,ILLUMINA,NextSeq 2000,WGS,2371682,684858417,2024-10-16
SRR31008949,SAMN44289565,PRJNA1173107,Italy,2018,Homo sapiens,Homo sapiens,clinical sample,ILLUMINA,NextSeq 550,WGS,1995171,537278690,2024-12-29
SRR33840371,SAMN48910826,PRJNA1237251,USA,2021,Homo sapiens,Homo sapiens,human,ILLUMINA,NextSeq 550,WGS,1402684,405478913,2025-10-04
SRR33843028,SAMN48914930,PRJNA1237251,USA,2021,Homo sapiens,Homo sapiens,human,ILLUMINA,NextSeq 550,WGS,830135,243080104,2025-10-04
SRR33857524,SAMN48930496,PRJNA1237251,USA,2021,Homo sapiens,Homo sapiens,human,ILLUMINA,NextSeq 550,WGS,849976,240569222,2025-10-04
SRR33912642,SAMN48983392,PRJNA1237251,USA,2022,Homo sapiens,Homo sapiens,human,ILLUMINA,NextSeq 550,WGS,1203092,345462067,2025-10-04
SRR33938718,SAMN49006350,PRJNA1237251,USA,2022,Homo sapiens,Homo sapiens,human,ILLUMINA,NextSeq 550,WGS,593956,174939411,2025-10-04
SRR34003993,SAMN49129698,PRJNA1237251,USA,2019,Homo sapiens,Homo sapiens,human,ILLUMINA,NextSeq 550,WGS,1342141,370867603,2025-10-04
SRR3675213,SAMN05276307,PRJNA302362,United Kingdom: Oxford,2015-01-01,Homo sapiens,Homo sapiens,clinical sample,ILLUMINA,Illumina MiSeq,WGS,368942,111420484,2016-08-09
SRR6831923,SAMN08708689,PRJNA428596,missing,2010/2014,Homo sapiens,Homo sapiens,Not applicable,ILLUMINA,Illumina HiSeq 2500,WGS,1444120,291531450,2018-03-15
SRR7131174,SAMN09090543,PRJNA438921,Italy,2016/2017,Homo sapiens,Homo sapiens,Not applicable,ILLUMINA,Illumina MiniSeq,WGS,1222944,342598193,2018-05-09
ERR046997,SAMEA1019013,PRJEB2221,United Kingdom: Midlands,2006,Homo sapiens,Homo sapiens,not known,ILLUMINA,Illumina HiSeq 2000,WGS,3969268,595390200,2011-09-27
ERR072039,SAMEA1019291,PRJEB2221,United Kingdom: Midlands,2006,Homo sapiens,Homo sapiens,not known,ILLUMINA,Illumina HiSeq 2000,WGS,3246588,486988200,2012-01-31
ERR1023298,SAMEA3374738,PRJEB5280,,,,,,ILLUMINA,Illumina HiSeq 2000,WGS,6504448,813056000,2015-09-22
ERR1023334,SAMEA3374774,PRJEB5280,,,,,,ILLUMINA,Illumina HiSeq 2000,WGS,6085720,760715000,2015-09-22
ERR1034655,SAMEA3558188,PRJEB10385,,,,,,ILLUMINA,Illumina MiSeq,WGS,2081300,416260000,2015-10-06
ERR1034661,SAMEA3558194,PRJEB10385,,,,,,ILLUMINA,Illumina MiSeq,WGS,1036405,207281000,2015-10-06
ERR11043057,SAMEA112802776,PRJEB9680,,,,,,ILLUMINA,NextSeq 500,WGS,3004450,442629947,2023-03-21
ERR11043060,SAMEA112802779,PRJEB9680,,,,,,ILLUMINA,NextSeq 500,WGS,3043266,442013422,2023-03-21
ERR11043114,SAMEA112802831,PRJEB9680,,,,,,ILLUMINA,NextSeq 500,WGS,4263634,631056876,2023-03-21
ERR11043115,SAMEA112802832,PRJEB9680,,,,,,ILLUMINA,NextSeq 500,WGS,5428798,800425631,2023-03-21
ERR11043177,SAMEA112802890,PRJEB9680,,,,,,ILLUMINA,NextSeq 500,WGS,4810902,699858716,2023-03-21
ERR11043607,SAMEA112803310,PRJEB9680,,,,,,ILLUMINA,NextSeq 500,WGS,2486822,364207154,2023-03-21
ERR11043647,SAMEA112803348,PRJEB9680,,,,,,ILLUMINA,NextSeq 500,WGS,5064868,727217776,2023-03-21
ERR11043655,SAMEA112803356,PRJEB9680,,,,,,ILLUMINA,NextSeq 500,WGS,3692498,541659806,2023-03-21
ERR11043766,SAMEA112803459,PRJEB9680,,,,,,ILLUMINA,NextSeq 500,WGS,4621606,687901267,2023-03-21
ERR11043794,SAMEA112803486,PRJEB9680,,,,,,ILLUMINA,NextSeq 500,WGS,3909880,569083576,2023-03-21
ERR11043908,SAMEA112803594,PRJEB9680,,,,,,ILLUMINA,NextSeq 500,WGS,4801464,699416622,2023-03-21
ERR11043910,SAMEA112803596,PRJEB9680,,,,,,ILLUMINA,NextSeq 500,WGS,4780598,708100110,2023-03-21
ERR11043911,SAMEA112803597,PRJEB9680,,,,,,ILLUMINA,NextSeq 500,WGS,4505816,665764418,2023-03-21
ERR11044050,SAMEA112803734,PRJEB9680,,,,,,ILLUMINA,NextSeq 500,WGS,4512920,672100324,2023-03-21
ERR11044068,SAMEA112803752,PRJEB9680,,,,,,ILLUMINA,NextSeq 500,WGS,5327870,787089751,2023-03-21
ERR11044122,SAMEA112803806,PRJEB9680,,,,,,ILLUMINA,NextSeq 500,WGS,3591702,531735283,2023-03-21
ERR11044225,SAMEA112803909,PRJEB9680,,,,,,ILLUMINA,NextSeq 500,WGS,4830132,713336339,2023-03-21
ERR11044330,SAMEA112804014,PRJEB9680,,,,,,ILLUMINA,NextSeq 500,WGS,4044288,601382845,2023-03-21
ERR11044385,SAMEA112804069,PRJEB9680,,,,,,ILLUMINA,NextSeq 500,WGS,3793114,564936159,2023-03-21
ERR11044386,SAMEA112804070,PRJEB9680,,,,,,ILLUMINA,NextSeq 500,WGS,4447242,663471247,2023-03-21
ERR11044401,SAMEA112804085,PRJEB9680,,,,,,ILLUMINA,NextSeq 500,WGS,4513936,671961071,2023-03-21
ERR11044481,SAMEA112804165,PRJEB9680,,,,,,ILLUMINA,NextSeq 500,WGS,4602394,674275367,2023-03-21
ERR11044528,SAMEA112804212,PRJEB9680,,,,,,ILLUMINA,NextSeq 500,WGS,4751436,708472619,2023-03-21
ERR11044592,SAMEA112804274,PRJEB9680,,,,,,ILLUMINA,NextSeq 500,WGS,3658252,538432419,2023-03-21
ERR11044620,SAMEA112804300,PRJEB9680,,,,,,ILLUMINA,NextSeq 500,WGS,1809588,269286636,2023-03-21
ERR11044756,SAMEA112799029,PRJEB9680,,,,,,ILLUMINA,NextSeq 500,WGS,4584442,683444270,2023-03-21
ERR11044956,SAMEA112799205,PRJEB9680,,,,,,ILLUMINA,NextSeq 500,WGS,4796174,657367627,2023-03-21
ERR11044962,SAMEA112799210,PRJEB9680,,,,,,ILLUMINA,NextSeq 500,WGS,3724448,412377410,2023-03-21
ERR11049087,SAMEA112799275,PRJEB9680,,,,,,ILLUMINA,NextSeq 500,WGS,4278882,638753710,2023-03-21
ERR11049497,SAMEA112799644,PRJEB9680,,,,,,ILLUMINA,NextSeq 500,WGS,2883760,431273201,2023-03-21
ERR11049552,SAMEA112799692,PRJEB9680,,,,,,ILLUMINA,NextSeq 500,WGS,5959994,888478223,2023-03-21
ERR11049626,SAMEA112799760,PRJEB9680,,,,,,ILLUMINA,NextSeq 500,WGS,6075790,905221153,2023-03-21
ERR11049714,SAMEA112799838,PRJEB9680,,,,,,ILLUMINA,NextSeq 500,WGS,5099810,760385504,2023-03-21
ERR11049724,SAMEA112799847,PRJEB9680,,,,,,ILLUMINA,NextSeq 500,WGS,5439618,807304860,2023-03-21
ERR11049737,SAMEA112799857,PRJEB9680,,,,,,ILLUMINA,NextSeq 500,WGS,5460816,811441439,2023-03-21
ERR11049857,SAMEA112799957,PRJEB9680,,,,,,ILLUMINA,NextSeq 500,WGS,5602758,836929072,2023-03-21
ERR11050069,SAMEA112800159,PRJEB9680,,,,,,ILLUMINA,NextSeq 500,WGS,4954832,738671908,2023-03-21
ERR11050086,SAMEA112800176,PRJEB9680,,,,,,ILLUMINA,NextSeq 500,WGS,4100106,611325144,2023-03-21
ERR11050283,SAMEA112800320,PRJEB9680,,,,,,ILLUMINA,NextSeq 500,WGS,5520750,823547457,2023-03-21
ERR11050810,SAMEA112800811,PRJEB9680,,,,,,ILLUMINA,NextSeq 500,WGS,4234604,630305657,2023-03-21
ERR11067219,SAMEA112801074,PRJEB9680,,,,,,ILLUMINA,NextSeq 2000,WGS,3958208,570295890,2023-03-21
ERR11067411,SAMEA112801253,PRJEB9680,,,,,,ILLUMINA,NextSeq 2000,WGS,3531120,505351091,2023-03-21
ERR11067434,SAMEA112801272,PRJEB9680,,,,,,ILLUMINA,NextSeq 2000,WGS,4231586,580025246,2023-03-21
ERR11067520,SAMEA112801353,PRJEB9680,,,,,,ILLUMINA,NextSeq 2000,WGS,4268346,619305843,2023-03-21
ERR11067530,SAMEA112807007,PRJEB9680,,,,,,ILLUMINA,NextSeq 2000,WGS,4342276,591874905,2023-03-21
ERR11067727,SAMEA112801530,PRJEB9680,,,,,,ILLUMINA,NextSeq 2000,WGS,3826082,553625933,2023-03-21
ERR11067810,SAMEA112801613,PRJEB9680,,,,,,ILLUMINA,NextSeq 2000,WGS,3644484,535008930,2023-03-21
ERR11067830,SAMEA112801633,PRJEB9680,,,,,,ILLUMINA,NextSeq 500,WGS,3725384,553599416,2023-03-21
ERR11068047,SAMEA112801849,PRJEB9680,,,,,,ILLUMINA,NextSeq 2000,WGS,6432598,814699464,2023-03-21
ERR11068203,SAMEA112802003,PRJEB9680,,,,,,ILLUMINA,NextSeq 2000,WGS,3943238,576535400,2023-03-21
ERR11068570,SAMEA112802358,PRJEB9680,,,,,,ILLUMINA,NextSeq 2000,WGS,3634480,516322176,2023-03-21
ERR11068646,SAMEA112802432,PRJEB9680,,,,,,ILLUMINA,NextSeq 2000,WGS,4787330,706566388,2023-03-21
ERR11068759,SAMEA112802542,PRJEB9680,,,,,,ILLUMINA,NextSeq 500,WGS,3180024,467461946,2023-03-21
ERR11068773,SAMEA112802554,PRJEB9680,,,,,,ILLUMINA,NextSeq 2000,WGS,4462442,498198821,2023-03-21
ERR11068935,SAMEA112804458,PRJEB9680,,,,,,ILLUMINA,NextSeq 500,WGS,4107482,613499145,2023-03-21
ERR11080999,SAMEA112804827,PRJEB9680,,,,,,ILLUMINA,NextSeq 500,WGS,3773080,561738796,2023-03-22
ERR11081333,SAMEA112805143,PRJEB9680,,,,,,ILLUMINA,NextSeq 500,WGS,4168610,620321076,2023-03-22
ERR11081496,SAMEA112805300,PRJEB9680,,,,,,ILLUMINA,NextSeq 500,WGS,3553416,523315928,2023-03-22
ERR11081499,SAMEA112805303,PRJEB9680,,,,,,ILLUMINA,NextSeq 500,WGS,6696842,866964750,2023-03-22
ERR11082010,SAMEA112805728,PRJEB9680,,,,,,ILLUMINA,NextSeq 500,WGS,4360982,650267205,2023-03-22
ERR11082143,SAMEA112805860,PRJEB9680,,,,,,ILLUMINA,NextSeq 500,WGS,4586076,681729894,2023-03-22
ERR11082290,SAMEA112805999,PRJEB9680,,,,,,ILLUMINA,NextSeq 500,WGS,2170588,320475847,2023-03-22
ERR11082732,SAMEA112806374,PRJEB9680,,,,,,ILLUMINA,NextSeq 500,WGS,2780858,411951337,2023-03-22
ERR11082879,SAMEA112806514,PRJEB9680,,,,,,ILLUMINA,NextSeq 500,WGS,5312666,766057754,2023-03-22
ERR11082948,SAMEA112806582,PRJEB9680,,,,,,ILLUMINA,NextSeq 500,WGS,7270968,1048377547,2023-03-22
ERR11083139,SAMEA112806767,PRJEB9680,,,,,,ILLUMINA,NextSeq 500,WGS,4145286,618277670,2023-03-22
ERR11244305,SAMEA12852447,PRJEB50582,Georgia,2014-10-07,,,sputum,ILLUMINA,Illumina NovaSeq 6000,WGS,4277175,431994675,2023-04-17
ERR11244357,SAMEA12852557,PRJEB50582,Georgia,2014-02-06,,,sputum,ILLUMINA,Illumina NovaSeq 6000,WGS,3065936,309659536,2023-04-17
ERR11246140,SAMEA12855166,PRJEB50582,Georgia,2015-11-30,,,sputum,ILLUMINA,Illumina NovaSeq 6000,WGS,3082773,311360073,2023-04-17
ERR11811369,SAMEA114245802,PRJEB64897,Georgia,2018,,,,ILLUMINA,Illumina MiSeq,WGS,3972664,586487237,2024-07-17
ERR11811388,SAMEA114245821,PRJEB64897,Georgia,2018,,,,ILLUMINA,Illumina MiSeq,WGS,10047164,1510612442,2024-07-17
ERR13267597,SAMEA115743792,PRJEB76547,Germany,2020,,,,ILLUMINA,NextSeq 500,WGS,5865658,866768981,2024-06-15
ERR13272907,SAMEA115744023,PRJEB76547,Germany,2020,,,,ILLUMINA,Illumina MiSeq,WGS,2987662,730442489,2024-06-15
ERR13273053,SAMEA115744162,PRJEB76547,Germany,2020,,,,ILLUMINA,NextSeq 500,WGS,2170158,320416655,2024-06-15
ERR13283989,SAMEA115745202,PRJEB76547,Germany,2020,,,,ILLUMINA,NextSeq 500,WGS,3908224,568855420,2024-06-15
ERR13291785,SAMEA115750912,PRJEB76547,USA,2020,,,,ILLUMINA,Illumina MiSeq,WGS,2447544,585222726,2024-06-17
ERR13292200,SAMEA115751319,PRJEB76547,USA,2020,,,,ILLUMINA,Illumina MiSeq,WGS,843714,205309555,2024-06-17
ERR13430442,SAMEA115879602,PRJEB39561,Georgia,2013,,Homo Sapiens,,ILLUMINA,Illumina HiSeq 2500,WGS,4298248,434123048,2024-07-29
ERR13430443,SAMEA115879602,PRJEB39561,Georgia,2013,,Homo Sapiens,,ILLUMINA,Illumina HiSeq 2500,WGS,4712292,475941492,2024-07-29
ERR15576967,SAMEA117703343,PRJEB39561,Georgia,2013,,Homo Sapiens,,ILLUMINA,Illumina HiSeq 2500,WGS,4341612,438502812,2025-09-16
ERR15576968,SAMEA117703343,PRJEB39561,Georgia,2013,,Homo Sapiens,,ILLUMINA,Illumina HiSeq 2500,WGS,4496474,454143874,2025-09-17
ERR2041707,SAMEA104172488,PRJEB21809,,,,,,ILLUMINA,Illumina HiSeq 2500,WGS,793723,238116900,2017-09-17
ERR2041708,SAMEA104172488,PRJEB21809,,,,,,ILLUMINA,Illumina MiSeq,WGS,462279,267601178,2017-09-17
ERR2446246,SAMEA104718597,PRJEB25592,Netherlands,2016,Homo sapiens,human,clinical samples,ILLUMINA,Illumina HiSeq 2500,WGS,2335098,289297613,2018-03-28
ERR2446487,SAMEA104718838,PRJEB25592,Netherlands,2016,Homo sapiens,human,clinical samples,ILLUMINA,Illumina HiSeq 2500,WGS,4130399,495448395,2018-03-28
ERR2510830,SAMEA1103104,PRJEB25972,,,,,,ILLUMINA,Illumina MiSeq,WGS,1360826,205142942,2018-09-24
ERR2512852,SAMEA1118033,PRJEB25991,,,,,,ILLUMINA,Illumina HiSeq 2500,WGS,1395462,421429524,2018-09-24
ERR2513713,SAMEA1118894,PRJEB25991,,,,,,ILLUMINA,Illumina MiSeq,WGS,600221,181266742,2018-09-24
ERR2514076,SAMEA1119257,PRJEB25991,,,,,,ILLUMINA,Illumina MiSeq,WGS,860925,256234623,2018-09-24
ERR2514189,SAMEA1119370,PRJEB25991,,,,,,ILLUMINA,Illumina HiSeq 2500,WGS,1875103,566281106,2018-09-24
ERR2516176,SAMEA3357583,PRJEB25999,,,,,,ILLUMINA,Illumina HiSeq 2500,WGS,5984852,1192573115,2018-09-24
ERR2516228,SAMEA3360010,PRJEB25999,,,,,,ILLUMINA,Illumina HiSeq 2500,WGS,2879313,544167411,2018-09-24
ERR2516561,SAMEA3402932,PRJEB26000,,,,,,ILLUMINA,Illumina HiSeq 2500,WGS,1628374,327399660,2018-09-24
ERR2517277,SAMEA3446543,PRJEB26002,,,,,,ILLUMINA,Illumina HiSeq 2500,WGS,3037510,708595982,2018-09-24
ERR2517392,SAMEA3447647,PRJEB26002,,,,,,ILLUMINA,Illumina HiSeq 2500,WGS,2786432,659207396,2018-09-24
ERR2517428,SAMEA3448729,PRJEB26002,,,,,,ILLUMINA,Illumina HiSeq 2500,WGS,1151338,285192524,2018-09-24
ERR2517447,SAMEA3448754,PRJEB26002,,,,,,ILLUMINA,Illumina HiSeq 2500,WGS,2299360,548697882,2018-09-24
ERR2517519,SAMEA3449885,PRJEB26002,,,,,,ILLUMINA,Illumina HiSeq 2500,WGS,3472373,832953866,2018-09-24
ERR257886,SAMEA1706673,PRJEB2057,Netherlands,2000-03,Homo sapiens,Homo sapiens,not known,ILLUMINA,Illumina Genome Analyzer II,WGS,520925,112519800,2013-04-10
ERR2677415,SAMEA4772809,PRJEB27354,,,,,,ILLUMINA,NextSeq 500,WGS,1243411,364207154,2018-08-18
ERR2851357,SAMEA5039577,PRJEB29276,Lebanon,2016,Homo sapiens,Homo sapiens,,ILLUMINA,Illumina MiSeq,WGS,530742,225198981,2019-01-09
ERR3275345,SAMEA5561572,PRJEB32037,,,,,,ILLUMINA,Illumina HiSeq 2500,WGS,6255127,729795223,2019-04-10
ERR3275506,SAMEA5561734,PRJEB32037,,,,,,ILLUMINA,Illumina HiSeq 2500,WGS,2335098,289297613,2019-04-10
ERR3275665,SAMEA5561893,PRJEB32037,,,,,,ILLUMINA,Illumina HiSeq 2500,WGS,4131757,492967046,2019-04-10
ERR3275682,SAMEA5561910,PRJEB32037,,,,,,ILLUMINA,Illumina HiSeq 2500,WGS,4130399,495448395,2019-04-10
ERR3275771,SAMEA5561999,PRJEB32037,,,,,,ILLUMINA,Illumina HiSeq 2500,WGS,4232971,500865020,2019-04-10
ERR3275960,SAMEA5562188,PRJEB32037,,,,,,ILLUMINA,Illumina HiSeq 2500,WGS,7363369,814501391,2019-04-10
ERR3335734,SAMEA5626255,PRJEB32684,,,,,,ILLUMINA,Illumina HiSeq 2500,WGS,3375655,1019447810,2019-06-03
ERR3335747,SAMEA5626268,PRJEB32684,,,,,,ILLUMINA,Illumina HiSeq 2500,WGS,4016583,1213008066,2019-06-03
ERR3802174,SAMEA6461876,PRJEB36121,Sweden,1999,Homo sapiens,Homo sapiens,Human,ION_TORRENT,Ion Torrent S5 XL,WGS,941415,248115596,2020-01-29
ERR3802175,SAMEA6461882,PRJEB36121,Sweden,1999,Homo sapiens,Homo sapiens,Human,ION_TORRENT,Ion Torrent S5 XL,WGS,565207,137406457,2020-01-29
ERR400315,SAMEA2297139,PRJEB5162,,,,,,ILLUMINA,Illumina HiSeq 2500,WGS,1251280,377886560,2014-03-03
ERR4553627,SAMEA7280369,PRJEB39569,Bangladesh,2008,,homo sapien,Sputum,ILLUMINA,Illumina HiSeq 2500,WGS,710342,214523284,2020-08-28
ERR4814339,SAMEA7547698,PRJEB41201,,,,,,ILLUMINA,Illumina HiSeq 2500,WGS,4923082,490950938,2021-10-20
ERR4814614,SAMEA7547973,PRJEB41201,,,,,,ILLUMINA,Illumina HiSeq 2500,WGS,3259536,325572070,2021-10-20
ERR4816053,SAMEA7549414,PRJEB41201,,,,,,ILLUMINA,Illumina HiSeq 2500,WGS,3352858,334350261,2021-10-20
ERR4816452,SAMEA7549813,PRJEB41201,,,,,,ILLUMINA,Illumina MiSeq,WGS,4146772,522603553,2021-10-20
ERR4816721,SAMEA7550083,PRJEB41201,,,,,,ILLUMINA,Illumina HiSeq 2500,WGS,3888718,386565938,2021-10-20
ERR4818274,SAMEA7551638,PRJEB41201,,,,,,ILLUMINA,Illumina HiSeq 2500,WGS,2115018,210000185,2021-10-20
ERR4819906,SAMEA7553272,PRJEB41201,,,,,,ILLUMINA,Illumina HiSeq 2500,WGS,5539678,540847649,2021-10-20
ERR4820961,SAMEA7554328,PRJEB41201,,,,,,ILLUMINA,Illumina HiSeq 2500,WGS,4414454,438291355,2021-10-20
ERR4820970,SAMEA7554337,PRJEB41201,,,,,,ILLUMINA,Illumina HiSeq 2500,WGS,3193344,307967015,2021-10-20
ERR4820974,SAMEA7554341,PRJEB41201,,,,,,ILLUMINA,Illumina MiSeq,WGS,2028942,290839392,2021-10-20
ERR4821805,SAMEA7555174,PRJEB41201,,,,,,ILLUMINA,Illumina HiSeq 2500,WGS,4903516,488250849,2021-10-20
ERR4830896,SAMEA7563336,PRJEB41272,,,,,,ILLUMINA,NextSeq 500,WGS,4954590,734401641,2021-10-20
ERR550924,SAMEA2533565,PRJEB9680,,,,,,ILLUMINA,Illumina HiSeq 2500,WGS,2654372,536183144,2015-06-24
ERR551347,SAMEA2533874,PRJEB6273,,,,,,ILLUMINA,Illumina MiSeq,WGS,1651183,941059485,2016-06-13
ERR551574,SAMEA2534038,PRJEB9680,,,,,,ILLUMINA,Illumina HiSeq 2500,WGS,5331987,1077061374,2015-06-24
ERR551657,SAMEA2534096,PRJEB9680,,,,,,ILLUMINA,Illumina HiSeq 2500,WGS,2842242,574132884,2015-06-24
ERR551734,SAMEA2534155,PRJEB6273,,,,,,ILLUMINA,Illumina HiSeq 2500,WGS,1460995,295120990,2016-06-13
ERR552272,SAMEA2534532,PRJEB9680,,,,,,ILLUMINA,Illumina HiSeq 2500,WGS,5984122,1208792644,2015-06-24
ERR553174,SAMEA2535192,PRJEB9680,,,,,,ILLUMINA,Illumina HiSeq 2500,WGS,2722008,549845616,2015-06-24
ERR553220,SAMEA2535220,PRJEB6273,,,,,,ILLUMINA,Illumina MiSeq,WGS,1494290,730653500,2016-06-13
ERR553346,SAMEA2535324,PRJEB9680,,,,,,ILLUMINA,Illumina HiSeq 2500,WGS,4602028,929609656,2015-06-24
ERR553390,SAMEA2535359,PRJEB9680,,,,,,ILLUMINA,Illumina HiSeq 2500,WGS,4701114,949625028,2015-06-24
ERR7801809,SAMEA11207234,PRJEB49562,Tanzania,2018-06-27,,Homo sapiens sapiens,Human,ILLUMINA,Illumina HiSeq 2500,WGS,4750679,479818579,2022-01-05
ERR8773521,SAMEA13119672,PRJEB50999,Switzerland,2002-01-01,,Homo sapiens sapiens,Human,ILLUMINA,Illumina HiSeq 2500,WGS,5809500,586759500,2022-07-27
ERR8773523,SAMEA13119672,PRJEB50999,Switzerland,2002-01-01,,Homo sapiens sapiens,Human,ILLUMINA,Illumina HiSeq 2500,WGS,5623090,567932090,2022-07-27
ERR8773542,SAMEA13119678,PRJEB50999,Switzerland,2004-01-01,,Homo sapiens sapiens,Human,ILLUMINA,Illumina HiSeq 2500,WGS,3909108,394819908,2022-07-27
ERR8773857,SAMEA13119710,PRJEB50999,Georgia,not collected,,Homo sapiens sapiens,Human,ILLUMINA,Illumina HiSeq 2500,WGS,6255186,631773786,2022-07-27
ERR8773963,SAMEA13119733,PRJEB50999,Georgia,not collected,,Homo sapiens sapiens,Human,ILLUMINA,Illumina HiSeq 2500,WGS,4692272,473919472,2022-07-27
ERR8775758,SAMEA13119658,PRJEB50999,Switzerland,2006-01-01,,Homo sapiens sapiens,Human,ILLUMINA,Illumina HiSeq 2000,WGS,28774801,1467514851,2022-07-27
ERR8958140,SAMEA13119658,PRJEB50999,Switzerland,2006-01-01,,Homo sapiens sapiens,Human,ILLUMINA,Illumina HiSeq 2000,WGS,28774801,1467514851,2022-07-27
SRR16088141,SAMN21856049,PRJNA766649,Georgia: Tbilisi,2019,Homo sapiens,Homo sapiens,sputum,ILLUMINA,NextSeq 500,WGS,2696528,799956912,2021-10-02
SRR16088242,SAMN21856035,PRJNA766649,Georgia: Tbilisi,2019,Homo sapiens,Homo sapiens,sputum,ILLUMINA,NextSeq 500,WGS,2027763,562682858,2021-10-02
SRR16088455,SAMN21856065,PRJNA766649,Georgia: Tbilisi,2019,Homo sapiens,Homo sapiens,bronchialLavage,ILLUMINA,NextSeq 500,WGS,2456651,730488166,2021-10-02
SRR16100228,SAMN21882543,PRJNA766641,USA,2018,Homo sapiens,Homo sapiens,missing,ILLUMINA,Illumina MiSeq,WGS,1224358,585455679,2021-10-02
SRR16115019,SAMN21895619,PRJNA766641,USA,2019,Homo sapiens,Homo sapiens,missing,ILLUMINA,Illumina MiSeq,WGS,422146,205429872,2021-10-03
SRR16149167,SAMN21593436,PRJNA765918,Bulgaria: Sofia,2016,Homo sapiens,Homo sapiens,,ILLUMINA,Illumina NovaSeq 6000,WGS,5573386,1030136902,2021-10-05
SRR18067127,SAMN26037065,PRJNA808219,Spain: Zaragoza,2020-01-01,Homo sapiens,Homo sapiens,sputum,ION_TORRENT,Ion Torrent S5 XL,WGS,1435617,516715400,2022-08-23
SRR18714986,SAMN27520205,PRJNA825524,Georgia:Tbilisi,2020,Homo sapiens,Homo sapiens,sputum,ILLUMINA,NextSeq 500,WGS,2505243,701651847,2022-04-12
SRR19303962,SAMN28538149,PRJNA834606,Italy: Rome,2017-12-16,Homo sapiens,Homo sapiens,sputum,ILLUMINA,Illumina MiSeq,WGS,1497408,446227584,2022-05-21
SRR19324806,SAMN28553028,PRJNA835805,USA:Nassau County,2017-09-19,Homo sapiens,Homo sapiens,missing,ILLUMINA,Illumina MiSeq,WGS,1213923,584143723,2022-05-21
SRR2100564,SAMN03647737,PRJNA282721,missing,missing,missing,,missing,ILLUMINA,Illumina HiSeq 2500,WGS,1506432,301286400,2015-07-26
SRR21675839,SAMN30962578,PRJNA766641,USA,2017,Homo sapiens,Homo sapiens,missing,ILLUMINA,Illumina MiSeq,WGS,1716570,776115665,2022-09-24
SRR21689570,SAMN30949004,PRJNA882748,Netherlands,2019,Homo sapiens,Homo sapiens,sputum,ILLUMINA,Illumina NovaSeq 6000,WGS,4723997,664859415,2022-09-26
SRR21689746,SAMN30949340,PRJNA882748,Netherlands,2018,Homo sapiens,Homo sapiens,sputum,ILLUMINA,Illumina HiSeq 2500,WGS,6093056,758745891,2022-09-25
SRR21690144,SAMN30949039,PRJNA882748,Netherlands,2019,Homo sapiens,Homo sapiens,sputum,ILLUMINA,Illumina NovaSeq 6000,WGS,3152583,434360862,2022-09-25
SRR21690182,SAMN30948889,PRJNA882748,Netherlands,2019,Homo sapiens,Homo sapiens,sputum,ILLUMINA,Illumina NovaSeq 6000,WGS,4096999,576834763,2022-09-25
SRR21690714,SAMN30950272,PRJNA882748,Netherlands,2017,Homo sapiens,Homo sapiens,human,ILLUMINA,Illumina HiSeq 2500,WGS,4109130,510227128,2022-09-25
SRR21690784,SAMN30950094,PRJNA882748,Netherlands,2017,Homo sapiens,Homo sapiens,human,ILLUMINA,Illumina HiSeq 2500,WGS,7363369,814501391,2022-09-25
SRR21732683,SAMN31030129,PRJNA857537,Australia,2018-05-19,Homo sapiens,Homo sapiens,missing,ILLUMINA,NextSeq 500,WGS,2697429,804862426,2023-11-01
SRR24222969,SAMN34257546,PRJNA957554,Israel,2021-12-09,Homo sapiens,Homo sapiens,Bronchial Wash,ILLUMINA,Illumina MiSeq,WGS,305686,144302359,2023-09-24
SRR28240124,SAMN40273491,PRJNA1074779,Georgia: Tbilisi,2021,Homo sapiens,Homo sapiens,sputum,ILLUMINA,NextSeq 2000,WGS,1577490,471642413,2024-03-10
SRR28860020,SAMN41148464,PRJNA766641,USA:NY,2023,Homo sapiens,Homo sapiens,,ILLUMINA,NextSeq 500,WGS,1829325,536345334,2024-05-03
SRR29017048,SAMN41389755,PRJNA1109295,Bangladesh,2007,Homo sapiens,Homo sapiens,missing,ILLUMINA,Illumina HiSeq 2000,WGS,793143,239529186,2024-05-15
SRR29052739,SAMN41418380,PRJNA1109295,USA,2017,Homo sapiens,Homo sapiens,missing,ILLUMINA,Illumina HiSeq 2000,WGS,1716570,776115665,2024-05-26
SRR29055771,SAMN41421347,PRJNA1109295,USA,2017,Homo sapiens,Homo sapiens,missing,ILLUMINA,Illumina HiSeq 2000,WGS,1213923,584143723,2024-05-26
SRR29126634,SAMN43935767,PRJNA1113874,Italy,2020,Homo sapiens,Homo sapiens,clinical sample,ILLUMINA,NextSeq 550,WGS,868729,249461026,2024-07-01
SRR29274230,SAMN41665331,PRJNA1119933,Bulgaria,2019-07,Homo sapiens,Homo sapiens,missing,ILLUMINA,Illumina HiSeq 2000,WGS,888580,255514673,2024-06-05
SRR29274248,SAMN41665315,PRJNA1119933,Bulgaria,2017-01,Homo sapiens,Homo sapiens,missing,ILLUMINA,Illumina HiSeq 2000,WGS,988181,287289612,2024-06-05
SRR29274280,SAMN41665287,PRJNA1119933,Bulgaria,2017-12,Homo sapiens,Homo sapiens,missing,ILLUMINA,Illumina HiSeq 2000,WGS,1548825,441186800,2024-06-05
SRR29356798,SAMN41725817,PRJNA1119380,Israel,2019,Homo sapiens,Homo sapiens,sputum,ILLUMINA,Illumina HiSeq 2000,WGS,611006,285479460,2024-06-14
SRR30679867,SAMN43783734,PRJNA1161723,Australia,not applicable,Homo sapiens,Homo sapiens,,ILLUMINA,Illumina MiniSeq,WGS,1296849,373319023,2024-09-18
SRR33445613,SAMN48357637,PRJNA1259372,Kosovo: Prishtina,2022,Homo sapiens,Homo sapiens,sputum,ILLUMINA,Illumina NovaSeq 6000,WGS,496696,121235534,2025-07-27
SRR33445629,SAMN48357623,PRJNA1259372,Kosovo: Prishtina,2022,Homo sapiens,Homo sapiens,sputum,ILLUMINA,Illumina NovaSeq 6000,WGS,505720,132166324,2025-07-27
SRR33445654,SAMN48357600,PRJNA1259372,Kosovo: Prishtina,2022,Homo sapiens,Homo sapiens,sputum,ILLUMINA,Illumina NovaSeq 6000,WGS,1602580,395623054,2025-07-27
SRR33605180,SAMN48542511,PRJNA1237251,USA,2018,Homo sapiens,Homo sapiens,human,ILLUMINA,NextSeq 550,WGS,1168081,340924633,2025-10-04
SRR33657636,SAMN48668680,PRJNA1237251,USA,2019,Homo sapiens,Homo sapiens,human,ILLUMINA,NextSeq 550,WGS,1142094,327763687,2025-10-04
SRR33713040,SAMN48752015,PRJNA1237251,USA,2019,Homo sapiens,Homo sapiens,human,ILLUMINA,NextSeq 550,WGS,1200455,339558793,2025-10-04
SRR33792933,SAMN48852767,PRJNA1237251,USA,2021,Homo sapiens,Homo sapiens,human,ILLUMINA,NextSeq 550,WGS,885549,257871307,2025-10-04
SRR33818442,SAMN48880262,PRJNA1237251,USA,2021,Homo sapiens,Homo sapiens,human,ILLUMINA,NextSeq 550,WGS,1319218,373719112,2025-10-04
SRR33842973,SAMN48915150,PRJNA1237251,USA,2021,Homo sapiens,Homo sapiens,human,ILLUMINA,NextSeq 550,WGS,1359905,391484099,2025-10-04
SRR33891348,SAMN48931840,PRJNA1237251,USA,2021,Homo sapiens,Homo sapiens,human,ILLUMINA,NextSeq 550,WGS,1458871,408144935,2025-10-04
SRR33893499,SAMN48968349,PRJNA1080563,USA:missing,2025-04-08,Homo sapiens,Homo sapiens,sputum,ILLUMINA,NextSeq 2000,WGS,1874545,544780683,2025-06-15
SRR33894822,SAMN48969695,PRJNA1237251,USA,2022,Homo sapiens,Homo sapiens,human,ILLUMINA,NextSeq 550,WGS,1300354,366892276,2025-10-04
SRR33912389,SAMN48983193,PRJNA1237251,USA,2022,Homo sapiens,Homo sapiens,human,ILLUMINA,NextSeq 550,WGS,1418525,407445708,2025-10-04
SRR33953301,SAMN49026062,PRJNA1237251,USA,2022,Homo sapiens,Homo sapiens,human,ILLUMINA,NextSeq 550,WGS,1139646,330563690,2025-10-04
SRR5486877,SAMN06849026,PRJNA384815,Romania:Bucuresti,2015-11-09,Homo sapiens NCBI:9606,,sputum,ILLUMINA,Illumina MiSeq,WGS,2800353,816607339,2017-05-02
SRR7069574,SAMN09100325,PRJNA302362,United Kingdom,2016-03-02,Homo sapiens,Homo sapiens,clinical sample,ILLUMINA,Illumina MiSeq,OTHER,869913,258842121,2018-05-15
SRR7341695,SAMN09402692,PRJNA475771,Romania: Craiova,2015-09-28,Homo sapiens,Homo sapiens,sputum,ILLUMINA,NextSeq 500,WGS,2083003,609979189,2018-06-26
