strain_name	sub_lineage	octal_sitvit	pattern_binary	pattern_visual	n_present	n_absent	n_missing_ESP_keys
ERR133897	L4.13.1	400071737777770	1000000000001110011110111111111111111111110	■□□□□□□□□□□□■■■□□■■■■□■■■■■■■■■■■■■■■■■■■■□	28	15	15
ERR2513995	L4.13.1	401071337777770	1000000010001110010110111111111111111111110	■□□□□□□□■□□□■■■□□■□■■□■■■■■■■■■■■■■■■■■■■■□	28	15	15
ERR2517475	L4.13.1	400031335775770	1000000000000110010110111011111111011111110	■□□□□□□□□□□□□■■□□■□■■□■■■□■■■■■■■■□■■■■■■■□	24	19	19
ERR4814544	L4.13.1	400031717775770	1000000000000110011110011111111111011111110	■□□□□□□□□□□□□■■□□■■■■□□■■■■■■■■■■■□■■■■■■■□	25	18	18
ERR4815345	L4.13.1	400071737777770	1000000000001110011110111111111111111111110	■□□□□□□□□□□□■■■□□■■■■□■■■■■■■■■■■■■■■■■■■■□	28	15	15
ERR4828844	L4.13.1	400031315775770	1000000000000110010110011011111111011111110	■□□□□□□□□□□□□■■□□■□■■□□■■□■■■■■■■■□■■■■■■■□	23	20	20
ERR4828953	L4.13.1	400071737777770	1000000000001110011110111111111111111111110	■□□□□□□□□□□□■■■□□■■■■□■■■■■■■■■■■■■■■■■■■■□	28	15	15
ERR4829273	L4.13.1	400031737777770	1000000000000110011110111111111111111111110	■□□□□□□□□□□□□■■□□■■■■□■■■■■■■■■■■■■■■■■■■■□	27	16	16
ERR4829347	L4.13.1	400031337777770	1000000000000110010110111111111111111111110	■□□□□□□□□□□□□■■□□■□■■□■■■■■■■■■■■■■■■■■■■■□	26	17	17
ERR4829697	L4.13.1	400071737777770	1000000000001110011110111111111111111111110	■□□□□□□□□□□□■■■□□■■■■□■■■■■■■■■■■■■■■■■■■■□	28	15	15
ERR4829761	L4.13.1	400071737777770	1000000000001110011110111111111111111111110	■□□□□□□□□□□□■■■□□■■■■□■■■■■■■■■■■■■■■■■■■■□	28	15	15
ERR4831168	L4.13.1	400071337777770	1000000000001110010110111111111111111111110	■□□□□□□□□□□□■■■□□■□■■□■■■■■■■■■■■■■■■■■■■■□	27	16	16
ERR9891985	L4.13.1	400000337777770	1000000000000000000110111111111111111111110	■□□□□□□□□□□□□□□□□□□■■□■■■■■■■■■■■■■■■■■■■■□	23	20	20
SRR16370406	L4.13.1	400000317777770	1000000000000000000110011111111111111111110	■□□□□□□□□□□□□□□□□□□■■□□■■■■■■■■■■■■■■■■■■■□	22	21	21
SRR18910996	L4.13.1	400000135755770	1000000000000000000010111011111011011111110	■□□□□□□□□□□□□□□□□□□□■□■■■□■■■■■□■■□■■■■■■■□	19	24	24
SRR19304124	L4.13.1	400071737777770	1000000000001110011110111111111111111111110	■□□□□□□□□□□□■■■□□■■■■□■■■■■■■■■■■■■■■■■■■■□	28	15	15
SRR21686598	L4.13.1	400031315740010	1000000000000110010110011011111000000000010	■□□□□□□□□□□□□■■□□■□■■□□■■□■■■■■□□□□□□□□□□■□	14	29	29
SRR21732354	L4.13.1	400031737777770	1000000000000110011110111111111111111111110	■□□□□□□□□□□□□■■□□■■■■□■■■■■■■■■■■■■■■■■■■■□	27	16	16
SRR28409333	L4.13.1	400000337755770	1000000000000000000110111111111011011111110	■□□□□□□□□□□□□□□□□□□■■□■■■■■■■■■□■■□■■■■■■■□	21	22	22
SRR7131174	L4.13.1	400031737777770	1000000000000110011110111111111111111111110	■□□□□□□□□□□□□■■□□■■■■□■■■■■■■■■■■■■■■■■■■■□	27	16	16
ERR046997	L4.13.2	400071717777770	1000000000001110011110011111111111111111110	■□□□□□□□□□□□■■■□□■■■■□□■■■■■■■■■■■■■■■■■■■□	27	16	16
ERR072039	L4.13.2	404071717777770	1000001000001110011110011111111111111111110	■□□□□□■□□□□□■■■□□■■■■□□■■■■■■■■■■■■■■■■■■■□	28	15	15
ERR1023298	L4.13.2	000031717777770	0000000000000110011110011111111111111111110	□□□□□□□□□□□□□■■□□■■■■□□■■■■■■■■■■■■■■■■■■■□	25	18	18
ERR1023334	L4.13.2	420031717777770	1000100000000110011110011111111111111111110	■□□□■□□□□□□□□■■□□■■■■□□■■■■■■■■■■■■■■■■■■■□	27	16	16
ERR1034655	L4.13.2	400171717777770	1000000000011110011110011111111111111111110	■□□□□□□□□□□■■■■□□■■■■□□■■■■■■■■■■■■■■■■■■■□	28	15	15
ERR1034661	L4.13.2	400071717777770	1000000000001110011110011111111111111111110	■□□□□□□□□□□□■■■□□■■■■□□■■■■■■■■■■■■■■■■■■■□	27	16	16
ERR11043057	L4.13.2	400071315777770	1000000000001110010110011011111111111111110	■□□□□□□□□□□□■■■□□■□■■□□■■□■■■■■■■■■■■■■■■■□	25	18	18
ERR11043060	L4.13.2	400071317775770	1000000000001110010110011111111111011111110	■□□□□□□□□□□□■■■□□■□■■□□■■■■■■■■■■■□■■■■■■■□	25	18	18
ERR11043114	L4.13.2	400031717777770	1000000000000110011110011111111111111111110	■□□□□□□□□□□□□■■□□■■■■□□■■■■■■■■■■■■■■■■■■■□	26	17	17
ERR11043177	L4.13.2	400071317775770	1000000000001110010110011111111111011111110	■□□□□□□□□□□□■■■□□■□■■□□■■■■■■■■■■■□■■■■■■■□	25	18	18
ERR11043607	L4.13.2	400071317757770	1000000000001110010110011111111011111111110	■□□□□□□□□□□□■■■□□■□■■□□■■■■■■■■□■■■■■■■■■■□	25	18	18
ERR11043647	L4.13.2	400071717703770	1000000000001110011110011111110000111111110	■□□□□□□□□□□□■■■□□■■■■□□■■■■■■■□□□□■■■■■■■■□	23	20	20
ERR11043655	L4.13.2	400071317777770	1000000000001110010110011111111111111111110	■□□□□□□□□□□□■■■□□■□■■□□■■■■■■■■■■■■■■■■■■■□	26	17	17
ERR11043766	L4.13.2	400071317777770	1000000000001110010110011111111111111111110	■□□□□□□□□□□□■■■□□■□■■□□■■■■■■■■■■■■■■■■■■■□	26	17	17
ERR11043794	L4.13.2	400071717577770	1000000000001110011110011111011111111111110	■□□□□□□□□□□□■■■□□■■■■□□■■■■■□■■■■■■■■■■■■■□	26	17	17
ERR11043908	L4.13.2	400031717777770	1000000000000110011110011111111111111111110	■□□□□□□□□□□□□■■□□■■■■□□■■■■■■■■■■■■■■■■■■■□	26	17	17
ERR11043910	L4.13.2	400071717775770	1000000000001110011110011111111111011111110	■□□□□□□□□□□□■■■□□■■■■□□■■■■■■■■■■■□■■■■■■■□	26	17	17
ERR11043911	L4.13.2	400031717777770	1000000000000110011110011111111111111111110	■□□□□□□□□□□□□■■□□■■■■□□■■■■■■■■■■■■■■■■■■■□	26	17	17
ERR11044050	L4.13.2	400071315777770	1000000000001110010110011011111111111111110	■□□□□□□□□□□□■■■□□■□■■□□■■□■■■■■■■■■■■■■■■■□	25	18	18
ERR11044068	L4.13.2	400071117777770	1000000000001110010010011111111111111111110	■□□□□□□□□□□□■■■□□■□□■□□■■■■■■■■■■■■■■■■■■■□	25	18	18
ERR11044122	L4.13.2	400031315777770	1000000000000110010110011011111111111111110	■□□□□□□□□□□□□■■□□■□■■□□■■□■■■■■■■■■■■■■■■■□	24	19	19
ERR11044225	L4.13.2	400071317777770	1000000000001110010110011111111111111111110	■□□□□□□□□□□□■■■□□■□■■□□■■■■■■■■■■■■■■■■■■■□	26	17	17
ERR11044330	L4.13.2	400031317777770	1000000000000110010110011111111111111111110	■□□□□□□□□□□□□■■□□■□■■□□■■■■■■■■■■■■■■■■■■■□	25	18	18
ERR11044385	L4.13.2	400031717775770	1000000000000110011110011111111111011111110	■□□□□□□□□□□□□■■□□■■■■□□■■■■■■■■■■■□■■■■■■■□	25	18	18
ERR11044386	L4.13.2	400071717777770	1000000000001110011110011111111111111111110	■□□□□□□□□□□□■■■□□■■■■□□■■■■■■■■■■■■■■■■■■■□	27	16	16
ERR11044401	L4.13.2	400071717777770	1000000000001110011110011111111111111111110	■□□□□□□□□□□□■■■□□■■■■□□■■■■■■■■■■■■■■■■■■■□	27	16	16
ERR11044481	L4.13.2	400071717777770	1000000000001110011110011111111111111111110	■□□□□□□□□□□□■■■□□■■■■□□■■■■■■■■■■■■■■■■■■■□	27	16	16
ERR11044528	L4.13.2	400071717777770	1000000000001110011110011111111111111111110	■□□□□□□□□□□□■■■□□■■■■□□■■■■■■■■■■■■■■■■■■■□	27	16	16
ERR11044592	L4.13.2	400071317777770	1000000000001110010110011111111111111111110	■□□□□□□□□□□□■■■□□■□■■□□■■■■■■■■■■■■■■■■■■■□	26	17	17
ERR11044620	L4.13.2	400031317775770	1000000000000110010110011111111111011111110	■□□□□□□□□□□□□■■□□■□■■□□■■■■■■■■■■■□■■■■■■■□	24	19	19
ERR11044756	L4.13.2	400071717775770	1000000000001110011110011111111111011111110	■□□□□□□□□□□□■■■□□■■■■□□■■■■■■■■■■■□■■■■■■■□	26	17	17
ERR11044956	L4.13.2	400071717703770	1000000000001110011110011111110000111111110	■□□□□□□□□□□□■■■□□■■■■□□■■■■■■■□□□□■■■■■■■■□	23	20	20
ERR11044962	L4.13.2	400071737777770	1000000000001110011110111111111111111111110	■□□□□□□□□□□□■■■□□■■■■□■■■■■■■■■■■■■■■■■■■■□	28	15	15
ERR11049087	L4.13.2	400031717777770	1000000000000110011110011111111111111111110	■□□□□□□□□□□□□■■□□■■■■□□■■■■■■■■■■■■■■■■■■■□	26	17	17
ERR11049497	L4.13.2	400071317775770	1000000000001110010110011111111111011111110	■□□□□□□□□□□□■■■□□■□■■□□■■■■■■■■■■■□■■■■■■■□	25	18	18
ERR11049552	L4.13.2	400071717777770	1000000000001110011110011111111111111111110	■□□□□□□□□□□□■■■□□■■■■□□■■■■■■■■■■■■■■■■■■■□	27	16	16
ERR11049626	L4.13.2	400071717777770	1000000000001110011110011111111111111111110	■□□□□□□□□□□□■■■□□■■■■□□■■■■■■■■■■■■■■■■■■■□	27	16	16
ERR11049714	L4.13.2	400071717777770	1000000000001110011110011111111111111111110	■□□□□□□□□□□□■■■□□■■■■□□■■■■■■■■■■■■■■■■■■■□	27	16	16
ERR11049724	L4.13.2	400071717757770	1000000000001110011110011111111011111111110	■□□□□□□□□□□□■■■□□■■■■□□■■■■■■■■□■■■■■■■■■■□	26	17	17
ERR11049737	L4.13.2	400071317777770	1000000000001110010110011111111111111111110	■□□□□□□□□□□□■■■□□■□■■□□■■■■■■■■■■■■■■■■■■■□	26	17	17
ERR11049857	L4.13.2	000071717775770	0000000000001110011110011111111111011111110	□□□□□□□□□□□□■■■□□■■■■□□■■■■■■■■■■■□■■■■■■■□	25	18	18
ERR11050069	L4.13.2	400031317777770	1000000000000110010110011111111111111111110	■□□□□□□□□□□□□■■□□■□■■□□■■■■■■■■■■■■■■■■■■■□	25	18	18
ERR11050086	L4.13.2	400071717777770	1000000000001110011110011111111111111111110	■□□□□□□□□□□□■■■□□■■■■□□■■■■■■■■■■■■■■■■■■■□	27	16	16
ERR11050283	L4.13.2	400071717777770	1000000000001110011110011111111111111111110	■□□□□□□□□□□□■■■□□■■■■□□■■■■■■■■■■■■■■■■■■■□	27	16	16
ERR11050810	L4.13.2	400071317777770	1000000000001110010110011111111111111111110	■□□□□□□□□□□□■■■□□■□■■□□■■■■■■■■■■■■■■■■■■■□	26	17	17
ERR11067219	L4.13.2	400071317775770	1000000000001110010110011111111111011111110	■□□□□□□□□□□□■■■□□■□■■□□■■■■■■■■■■■□■■■■■■■□	25	18	18
ERR11067411	L4.13.2	400071317777770	1000000000001110010110011111111111111111110	■□□□□□□□□□□□■■■□□■□■■□□■■■■■■■■■■■■■■■■■■■□	26	17	17
ERR11067434	L4.13.2	400071717777770	1000000000001110011110011111111111111111110	■□□□□□□□□□□□■■■□□■■■■□□■■■■■■■■■■■■■■■■■■■□	27	16	16
ERR11067520	L4.13.2	400071717777770	1000000000001110011110011111111111111111110	■□□□□□□□□□□□■■■□□■■■■□□■■■■■■■■■■■■■■■■■■■□	27	16	16
ERR11067530	L4.13.2	400071717777770	1000000000001110011110011111111111111111110	■□□□□□□□□□□□■■■□□■■■■□□■■■■■■■■■■■■■■■■■■■□	27	16	16
ERR11067727	L4.13.2	400071317777770	1000000000001110010110011111111111111111110	■□□□□□□□□□□□■■■□□■□■■□□■■■■■■■■■■■■■■■■■■■□	26	17	17
ERR11067810	L4.13.2	400071717775770	1000000000001110011110011111111111011111110	■□□□□□□□□□□□■■■□□■■■■□□■■■■■■■■■■■□■■■■■■■□	26	17	17
ERR11068047	L4.13.2	400071717777770	1000000000001110011110011111111111111111110	■□□□□□□□□□□□■■■□□■■■■□□■■■■■■■■■■■■■■■■■■■□	27	16	16
ERR11068203	L4.13.2	400071717777770	1000000000001110011110011111111111111111110	■□□□□□□□□□□□■■■□□■■■■□□■■■■■■■■■■■■■■■■■■■□	27	16	16
ERR11068570	L4.13.2	400071717777770	1000000000001110011110011111111111111111110	■□□□□□□□□□□□■■■□□■■■■□□■■■■■■■■■■■■■■■■■■■□	27	16	16
ERR11068646	L4.13.2	600071717777770	1100000000001110011110011111111111111111110	■■□□□□□□□□□□■■■□□■■■■□□■■■■■■■■■■■■■■■■■■■□	28	15	15
ERR11068759	L4.13.2	400071717777770	1000000000001110011110011111111111111111110	■□□□□□□□□□□□■■■□□■■■■□□■■■■■■■■■■■■■■■■■■■□	27	16	16
ERR11068773	L4.13.2	400071717777770	1000000000001110011110011111111111111111110	■□□□□□□□□□□□■■■□□■■■■□□■■■■■■■■■■■■■■■■■■■□	27	16	16
ERR11068935	L4.13.2	400031717777770	1000000000000110011110011111111111111111110	■□□□□□□□□□□□□■■□□■■■■□□■■■■■■■■■■■■■■■■■■■□	26	17	17
ERR11080999	L4.13.2	400071755777770	1000000000001110011111011011111111111111110	■□□□□□□□□□□□■■■□□■■■■■□■■□■■■■■■■■■■■■■■■■□	27	16	16
ERR11081333	L4.13.2	400071317777670	1000000000001110010110011111111111111101110	■□□□□□□□□□□□■■■□□■□■■□□■■■■■■■■■■■■■■■□■■■□	25	18	18
ERR11081496	L4.13.2	400071717703770	1000000000001110011110011111110000111111110	■□□□□□□□□□□□■■■□□■■■■□□■■■■■■■□□□□■■■■■■■■□	23	20	20
ERR11081499	L4.13.2	400071717777770	1000000000001110011110011111111111111111110	■□□□□□□□□□□□■■■□□■■■■□□■■■■■■■■■■■■■■■■■■■□	27	16	16
ERR11082010	L4.13.2	400071717777770	1000000000001110011110011111111111111111110	■□□□□□□□□□□□■■■□□■■■■□□■■■■■■■■■■■■■■■■■■■□	27	16	16
ERR11082143	L4.13.2	400071317777770	1000000000001110010110011111111111111111110	■□□□□□□□□□□□■■■□□■□■■□□■■■■■■■■■■■■■■■■■■■□	26	17	17
ERR11082290	L4.13.2	400031317777770	1000000000000110010110011111111111111111110	■□□□□□□□□□□□□■■□□■□■■□□■■■■■■■■■■■■■■■■■■■□	25	18	18
ERR11082732	L4.13.2	400071317775770	1000000000001110010110011111111111011111110	■□□□□□□□□□□□■■■□□■□■■□□■■■■■■■■■■■□■■■■■■■□	25	18	18
ERR11082879	L4.13.2	400071317777770	1000000000001110010110011111111111111111110	■□□□□□□□□□□□■■■□□■□■■□□■■■■■■■■■■■■■■■■■■■□	26	17	17
ERR11082948	L4.13.2	400071717777770	1000000000001110011110011111111111111111110	■□□□□□□□□□□□■■■□□■■■■□□■■■■■■■■■■■■■■■■■■■□	27	16	16
ERR11083139	L4.13.2	400071717703770	1000000000001110011110011111110000111111110	■□□□□□□□□□□□■■■□□■■■■□□■■■■■■■□□□□■■■■■■■■□	23	20	20
ERR11811369	L4.13.2	400031315775770	1000000000000110010110011011111111011111110	■□□□□□□□□□□□□■■□□■□■■□□■■□■■■■■■■■□■■■■■■■□	23	20	20
ERR11811388	L4.13.2	400071717777770	1000000000001110011110011111111111111111110	■□□□□□□□□□□□■■■□□■■■■□□■■■■■■■■■■■■■■■■■■■□	27	16	16
ERR13267597	L4.13.2	400071717777770	1000000000001110011110011111111111111111110	■□□□□□□□□□□□■■■□□■■■■□□■■■■■■■■■■■■■■■■■■■□	27	16	16
ERR13272907	L4.13.2	400031317775770	1000000000000110010110011111111111011111110	■□□□□□□□□□□□□■■□□■□■■□□■■■■■■■■■■■□■■■■■■■□	24	19	19
ERR13273053	L4.13.2	400031317777670	1000000000000110010110011111111111111101110	■□□□□□□□□□□□□■■□□■□■■□□■■■■■■■■■■■■■■■□■■■□	24	19	19
ERR13283989	L4.13.2	400071317777770	1000000000001110010110011111111111111111110	■□□□□□□□□□□□■■■□□■□■■□□■■■■■■■■■■■■■■■■■■■□	26	17	17
ERR13291785	L4.13.2	400031715755770	1000000000000110011110011011111011011111110	■□□□□□□□□□□□□■■□□■■■■□□■■□■■■■■□■■□■■■■■■■□	23	20	20
ERR13292200	L4.13.2	400031315155470	1000000000000110010110011010011011011001110	■□□□□□□□□□□□□■■□□■□■■□□■■□■□□■■□■■□■■□□■■■□	18	25	25
ERR13430442	L4.13.2	400071717777770	1000000000001110011110011111111111111111110	■□□□□□□□□□□□■■■□□■■■■□□■■■■■■■■■■■■■■■■■■■□	27	16	16
ERR13430443	L4.13.2	400071717777770	1000000000001110011110011111111111111111110	■□□□□□□□□□□□■■■□□■■■■□□■■■■■■■■■■■■■■■■■■■□	27	16	16
ERR15576967	L4.13.2	400071717777770	1000000000001110011110011111111111111111110	■□□□□□□□□□□□■■■□□■■■■□□■■■■■■■■■■■■■■■■■■■□	27	16	16
ERR15576968	L4.13.2	400071717777770	1000000000001110011110011111111111111111110	■□□□□□□□□□□□■■■□□■■■■□□■■■■■■■■■■■■■■■■■■■□	27	16	16
ERR2041707	L4.13.2	400071317775770	1000000000001110010110011111111111011111110	■□□□□□□□□□□□■■■□□■□■■□□■■■■■■■■■■■□■■■■■■■□	25	18	18
ERR2041708	L4.13.2	400071315775770	1000000000001110010110011011111111011111110	■□□□□□□□□□□□■■■□□■□■■□□■■□■■■■■■■■□■■■■■■■□	24	19	19
ERR2510830	L4.13.2	400071717637770	1000000000001110011110011111100111111111110	■□□□□□□□□□□□■■■□□■■■■□□■■■■■■□□■■■■■■■■■■■□	25	18	18
ERR2512852	L4.13.2	400031317777770	1000000000000110010110011111111111111111110	■□□□□□□□□□□□□■■□□■□■■□□■■■■■■■■■■■■■■■■■■■□	25	18	18
ERR2513713	L4.13.2	400033317775770	1000000000000110110110011111111111011111110	■□□□□□□□□□□□□■■□■■□■■□□■■■■■■■■■■■□■■■■■■■□	25	18	18
ERR2514189	L4.13.2	400071317747770	1000000000001110010110011111111001111111110	■□□□□□□□□□□□■■■□□■□■■□□■■■■■■■■□□■■■■■■■■■□	24	19	19
ERR2516176	L4.13.2	400071717777770	1000000000001110011110011111111111111111110	■□□□□□□□□□□□■■■□□■■■■□□■■■■■■■■■■■■■■■■■■■□	27	16	16
ERR2516228	L4.13.2	400071717777770	1000000000001110011110011111111111111111110	■□□□□□□□□□□□■■■□□■■■■□□■■■■■■■■■■■■■■■■■■■□	27	16	16
ERR2516561	L4.13.2	400071737777400	1000000000001110011110111111111111111000000	■□□□□□□□□□□□■■■□□■■■■□■■■■■■■■■■■■■■■□□□□□□	23	20	20
ERR2517277	L4.13.2	400071717777770	1000000000001110011110011111111111111111110	■□□□□□□□□□□□■■■□□■■■■□□■■■■■■■■■■■■■■■■■■■□	27	16	16
ERR2517392	L4.13.2	400071317017770	1000000000001110010110011110000011111111110	■□□□□□□□□□□□■■■□□■□■■□□■■■■□□□□□■■■■■■■■■■□	21	22	22
ERR2517428	L4.13.2	400031317017770	1000000000000110010110011110000011111111110	■□□□□□□□□□□□□■■□□■□■■□□■■■■□□□□□■■■■■■■■■■□	20	23	23
ERR2517447	L4.13.2	600071717777770	1100000000001110011110011111111111111111110	■■□□□□□□□□□□■■■□□■■■■□□■■■■■■■■■■■■■■■■■■■□	28	15	15
ERR2517519	L4.13.2	400071717777770	1000000000001110011110011111111111111111110	■□□□□□□□□□□□■■■□□■■■■□□■■■■■■■■■■■■■■■■■■■□	27	16	16
ERR257886	L4.13.2	400031317777770	1000000000000110010110011111111111111111110	■□□□□□□□□□□□□■■□□■□■■□□■■■■■■■■■■■■■■■■■■■□	25	18	18
ERR2677415	L4.13.2	400071317757770	1000000000001110010110011111111011111111110	■□□□□□□□□□□□■■■□□■□■■□□■■■■■■■■□■■■■■■■■■■□	25	18	18
ERR2851357	L4.13.2	400071717777770	1000000000001110011110011111111111111111110	■□□□□□□□□□□□■■■□□■■■■□□■■■■■■■■■■■■■■■■■■■□	27	16	16
ERR3335734	L4.13.2	600071717777770	1100000000001110011110011111111111111111110	■■□□□□□□□□□□■■■□□■■■■□□■■■■■■■■■■■■■■■■■■■□	28	15	15
ERR400315	L4.13.2	400031317777770	1000000000000110010110011111111111111111110	■□□□□□□□□□□□□■■□□■□■■□□■■■■■■■■■■■■■■■■■■■□	25	18	18
ERR4553627	L4.13.2	400031717775770	1000000000000110011110011111111111011111110	■□□□□□□□□□□□□■■□□■■■■□□■■■■■■■■■■■□■■■■■■■□	25	18	18
ERR4814339	L4.13.2	400070717777770	1000000000001110001110011111111111111111110	■□□□□□□□□□□□■■■□□□■■■□□■■■■■■■■■■■■■■■■■■■□	26	17	17
ERR4814614	L4.13.2	400071717777770	1000000000001110011110011111111111111111110	■□□□□□□□□□□□■■■□□■■■■□□■■■■■■■■■■■■■■■■■■■□	27	16	16
ERR4816053	L4.13.2	400071717777770	1000000000001110011110011111111111111111110	■□□□□□□□□□□□■■■□□■■■■□□■■■■■■■■■■■■■■■■■■■□	27	16	16
ERR4816452	L4.13.2	400071717777770	1000000000001110011110011111111111111111110	■□□□□□□□□□□□■■■□□■■■■□□■■■■■■■■■■■■■■■■■■■□	27	16	16
ERR4816721	L4.13.2	400071717777770	1000000000001110011110011111111111111111110	■□□□□□□□□□□□■■■□□■■■■□□■■■■■■■■■■■■■■■■■■■□	27	16	16
ERR4818274	L4.13.2	400031317777770	1000000000000110010110011111111111111111110	■□□□□□□□□□□□□■■□□■□■■□□■■■■■■■■■■■■■■■■■■■□	25	18	18
ERR4819906	L4.13.2	400071717777770	1000000000001110011110011111111111111111110	■□□□□□□□□□□□■■■□□■■■■□□■■■■■■■■■■■■■■■■■■■□	27	16	16
ERR4820961	L4.13.2	400070717777770	1000000000001110001110011111111111111111110	■□□□□□□□□□□□■■■□□□■■■□□■■■■■■■■■■■■■■■■■■■□	26	17	17
ERR4820970	L4.13.2	400071717777770	1000000000001110011110011111111111111111110	■□□□□□□□□□□□■■■□□■■■■□□■■■■■■■■■■■■■■■■■■■□	27	16	16
ERR4820974	L4.13.2	400071317775770	1000000000001110010110011111111111011111110	■□□□□□□□□□□□■■■□□■□■■□□■■■■■■■■■■■□■■■■■■■□	25	18	18
ERR4821805	L4.13.2	400070717777770	1000000000001110001110011111111111111111110	■□□□□□□□□□□□■■■□□□■■■□□■■■■■■■■■■■■■■■■■■■□	26	17	17
ERR4830896	L4.13.2	400071717777770	1000000000001110011110011111111111111111110	■□□□□□□□□□□□■■■□□■■■■□□■■■■■■■■■■■■■■■■■■■□	27	16	16
ERR550924	L4.13.2	400071717703770	1000000000001110011110011111110000111111110	■□□□□□□□□□□□■■■□□■■■■□□■■■■■■■□□□□■■■■■■■■□	23	20	20
ERR551347	L4.13.2	400071317775770	1000000000001110010110011111111111011111110	■□□□□□□□□□□□■■■□□■□■■□□■■■■■■■■■■■□■■■■■■■□	25	18	18
ERR551574	L4.13.2	400071717777670	1000000000001110011110011111111111111101110	■□□□□□□□□□□□■■■□□■■■■□□■■■■■■■■■■■■■■■□■■■□	26	17	17
ERR551657	L4.13.2	400071717777770	1000000000001110011110011111111111111111110	■□□□□□□□□□□□■■■□□■■■■□□■■■■■■■■■■■■■■■■■■■□	27	16	16
ERR551734	L4.13.2	400071317777770	1000000000001110010110011111111111111111110	■□□□□□□□□□□□■■■□□■□■■□□■■■■■■■■■■■■■■■■■■■□	26	17	17
ERR552272	L4.13.2	400071717777770	1000000000001110011110011111111111111111110	■□□□□□□□□□□□■■■□□■■■■□□■■■■■■■■■■■■■■■■■■■□	27	16	16
ERR553174	L4.13.2	600271717777770	1100000000101110011110011111111111111111110	■■□□□□□□□□■□■■■□□■■■■□□■■■■■■■■■■■■■■■■■■■□	29	14	14
ERR553220	L4.13.2	400031317775770	1000000000000110010110011111111111011111110	■□□□□□□□□□□□□■■□□■□■■□□■■■■■■■■■■■□■■■■■■■□	24	19	19
ERR553346	L4.13.2	400071717777770	1000000000001110011110011111111111111111110	■□□□□□□□□□□□■■■□□■■■■□□■■■■■■■■■■■■■■■■■■■□	27	16	16
ERR553390	L4.13.2	400071717777770	1000000000001110011110011111111111111111110	■□□□□□□□□□□□■■■□□■■■■□□■■■■■■■■■■■■■■■■■■■□	27	16	16
ERR8773521	L4.13.2	400071737777770	1000000000001110011110111111111111111111110	■□□□□□□□□□□□■■■□□■■■■□■■■■■■■■■■■■■■■■■■■■□	28	15	15
ERR8773523	L4.13.2	400071737777770	1000000000001110011110111111111111111111110	■□□□□□□□□□□□■■■□□■■■■□■■■■■■■■■■■■■■■■■■■■□	28	15	15
ERR8773542	L4.13.2	400071717777770	1000000000001110011110011111111111111111110	■□□□□□□□□□□□■■■□□■■■■□□■■■■■■■■■■■■■■■■■■■□	27	16	16
ERR8773857	L4.13.2	400071717777770	1000000000001110011110011111111111111111110	■□□□□□□□□□□□■■■□□■■■■□□■■■■■■■■■■■■■■■■■■■□	27	16	16
ERR8773963	L4.13.2	400071717777770	1000000000001110011110011111111111111111110	■□□□□□□□□□□□■■■□□■■■■□□■■■■■■■■■■■■■■■■■■■□	27	16	16
SRR16088141	L4.13.2	400071717777770	1000000000001110011110011111111111111111110	■□□□□□□□□□□□■■■□□■■■■□□■■■■■■■■■■■■■■■■■■■□	27	16	16
SRR16088242	L4.13.2	400071717777770	1000000000001110011110011111111111111111110	■□□□□□□□□□□□■■■□□■■■■□□■■■■■■■■■■■■■■■■■■■□	27	16	16
SRR16088455	L4.13.2	400071717777770	1000000000001110011110011111111111111111110	■□□□□□□□□□□□■■■□□■■■■□□■■■■■■■■■■■■■■■■■■■□	27	16	16
SRR16100228	L4.13.2	400031735755770	1000000000000110011110111011111011011111110	■□□□□□□□□□□□□■■□□■■■■□■■■□■■■■■□■■□■■■■■■■□	24	19	19
SRR16115019	L4.13.2	400031315155470	1000000000000110010110011010011011011001110	■□□□□□□□□□□□□■■□□■□■■□□■■□■□□■■□■■□■■□□■■■□	18	25	25
SRR16149167	L4.13.2	400071717777770	1000000000001110011110011111111111111111110	■□□□□□□□□□□□■■■□□■■■■□□■■■■■■■■■■■■■■■■■■■□	27	16	16
SRR18714986	L4.13.2	400071717777770	1000000000001110011110011111111111111111110	■□□□□□□□□□□□■■■□□■■■■□□■■■■■■■■■■■■■■■■■■■□	27	16	16
SRR19303962	L4.13.2	400071717777770	1000000000001110011110011111111111111111110	■□□□□□□□□□□□■■■□□■■■■□□■■■■■■■■■■■■■■■■■■■□	27	16	16
SRR19324806	L4.13.2	400071315777770	1000000000001110010110011011111111111111110	■□□□□□□□□□□□■■■□□■□■■□□■■□■■■■■■■■■■■■■■■■□	25	18	18
SRR2100564	L4.13.2	400071757747770	1000000000001110011111011111111001111111110	■□□□□□□□□□□□■■■□□■■■■■□■■■■■■■■□□■■■■■■■■■□	26	17	17
SRR21675839	L4.13.2	400031315757770	1000000000000110010110011011111011111111110	■□□□□□□□□□□□□■■□□■□■■□□■■□■■■■■□■■■■■■■■■■□	23	20	20
SRR21732683	L4.13.2	400071717777770	1000000000001110011110011111111111111111110	■□□□□□□□□□□□■■■□□■■■■□□■■■■■■■■■■■■■■■■■■■□	27	16	16
SRR24222969	L4.13.2	400031315757770	1000000000000110010110011011111011111111110	■□□□□□□□□□□□□■■□□■□■■□□■■□■■■■■□■■■■■■■■■■□	23	20	20
SRR28240124	L4.13.2	400071717777770	1000000000001110011110011111111111111111110	■□□□□□□□□□□□■■■□□■■■■□□■■■■■■■■■■■■■■■■■■■□	27	16	16
SRR28860020	L4.13.2	400031717775770	1000000000000110011110011111111111011111110	■□□□□□□□□□□□□■■□□■■■■□□■■■■■■■■■■■□■■■■■■■□	25	18	18
SRR29017048	L4.13.2	400071717775770	1000000000001110011110011111111111011111110	■□□□□□□□□□□□■■■□□■■■■□□■■■■■■■■■■■□■■■■■■■□	26	17	17
SRR29052739	L4.13.2	400031315757770	1000000000000110010110011011111011111111110	■□□□□□□□□□□□□■■□□■□■■□□■■□■■■■■□■■■■■■■■■■□	23	20	20
SRR29055771	L4.13.2	400071315777770	1000000000001110010110011011111111111111110	■□□□□□□□□□□□■■■□□■□■■□□■■□■■■■■■■■■■■■■■■■□	25	18	18
SRR29274230	L4.13.2	400071717777770	1000000000001110011110011111111111111111110	■□□□□□□□□□□□■■■□□■■■■□□■■■■■■■■■■■■■■■■■■■□	27	16	16
SRR29274248	L4.13.2	400031317777770	1000000000000110010110011111111111111111110	■□□□□□□□□□□□□■■□□■□■■□□■■■■■■■■■■■■■■■■■■■□	25	18	18
SRR29274280	L4.13.2	400071317777770	1000000000001110010110011111111111111111110	■□□□□□□□□□□□■■■□□■□■■□□■■■■■■■■■■■■■■■■■■■□	26	17	17
SRR29356798	L4.13.2	400031317701770	1000000000000110010110011111110000011111110	■□□□□□□□□□□□□■■□□■□■■□□■■■■■■■□□□□□■■■■■■■□	20	23	23
SRR30679867	L4.13.2	400031717777770	1000000000000110011110011111111111111111110	■□□□□□□□□□□□□■■□□■■■■□□■■■■■■■■■■■■■■■■■■■□	26	17	17
SRR33445613	L4.13.2	400071717777770	1000000000001110011110011111111111111111110	■□□□□□□□□□□□■■■□□■■■■□□■■■■■■■■■■■■■■■■■■■□	27	16	16
SRR33445629	L4.13.2	400071717777770	1000000000001110011110011111111111111111110	■□□□□□□□□□□□■■■□□■■■■□□■■■■■■■■■■■■■■■■■■■□	27	16	16
SRR33445654	L4.13.2	400071317777770	1000000000001110010110011111111111111111110	■□□□□□□□□□□□■■■□□■□■■□□■■■■■■■■■■■■■■■■■■■□	26	17	17
SRR33605180	L4.13.2	400031117775770	1000000000000110010010011111111111011111110	■□□□□□□□□□□□□■■□□■□□■□□■■■■■■■■■■■□■■■■■■■□	23	20	20
SRR33657636	L4.13.2	400031717777770	1000000000000110011110011111111111111111110	■□□□□□□□□□□□□■■□□■■■■□□■■■■■■■■■■■■■■■■■■■□	26	17	17
SRR33713040	L4.13.2	400071717777770	1000000000001110011110011111111111111111110	■□□□□□□□□□□□■■■□□■■■■□□■■■■■■■■■■■■■■■■■■■□	27	16	16
SRR33792933	L4.13.2	400071717777770	1000000000001110011110011111111111111111110	■□□□□□□□□□□□■■■□□■■■■□□■■■■■■■■■■■■■■■■■■■□	27	16	16
SRR33818442	L4.13.2	400031314003770	1000000000000110010110011000000000111111110	■□□□□□□□□□□□□■■□□■□■■□□■■□□□□□□□□□■■■■■■■■□	16	27	27
SRR33891348	L4.13.2	400071317777770	1000000000001110010110011111111111111111110	■□□□□□□□□□□□■■■□□■□■■□□■■■■■■■■■■■■■■■■■■■□	26	17	17
SRR33893499	L4.13.2	400071717777770	1000000000001110011110011111111111111111110	■□□□□□□□□□□□■■■□□■■■■□□■■■■■■■■■■■■■■■■■■■□	27	16	16
SRR33894822	L4.13.2	400071317775770	1000000000001110010110011111111111011111110	■□□□□□□□□□□□■■■□□■□■■□□■■■■■■■■■■■□■■■■■■■□	25	18	18
SRR33912389	L4.13.2	400031317777770	1000000000000110010110011111111111111111110	■□□□□□□□□□□□□■■□□■□■■□□■■■■■■■■■■■■■■■■■■■□	25	18	18
SRR33953301	L4.13.2	400071717777770	1000000000001110011110011111111111111111110	■□□□□□□□□□□□■■■□□■■■■□□■■■■■■■■■■■■■■■■■■■□	27	16	16
SRR5486877	L4.13.2	400071317777770	1000000000001110010110011111111111111111110	■□□□□□□□□□□□■■■□□■□■■□□■■■■■■■■■■■■■■■■■■■□	26	17	17
SRR7069574	L4.13.2	400031315755770	1000000000000110010110011011111011011111110	■□□□□□□□□□□□□■■□□■□■■□□■■□■■■■■□■■□■■■■■■■□	22	21	21
SRR7341695	L4.13.2	400031717777770	1000000000000110011110011111111111111111110	■□□□□□□□□□□□□■■□□■■■■□□■■■■■■■■■■■■■■■■■■■□	26	17	17
